date,day_of_week,meal,is_exam_week,is_holiday,attendance
2026-07-12,6,breakfast,0,0,233
2026-07-12,6,lunch,0,0,352
2026-07-12,6,snacks,0,0,210
2026-07-12,6,dinner,0,0,323
2026-07-13,0,breakfast,0,0,250
2026-07-13,0,lunch,0,0,351
2026-07-13,0,snacks,0,0,206
2026-07-13,0,dinner,0,0,297
2026-07-14,1,breakfast,0,0,256
2026-07-14,1,lunch,0,0,347
2026-07-14,1,snacks,0,0,197
2026-07-14,1,dinner,0,0,303
2026-07-15,2,breakfast,0,0,248
2026-07-15,2,lunch,0,0,332
2026-07-15,2,snacks,0,0,195
2026-07-15,2,dinner,0,0,286
2026-07-16,3,breakfast,0,0,246
2026-07-16,3,lunch,0,0,333
2026-07-16,3,snacks,0,0,197
2026-07-16,3,dinner,0,0,283
2026-07-17,4,breakfast,0,0,236
2026-07-17,4,lunch,0,0,310
2026-07-17,4,snacks,0,0,179
2026-07-17,4,dinner,0,0,234
2026-07-18,5,breakfast,0,0,217
2026-07-18,5,lunch,0,0,335
2026-07-18,5,snacks,0,0,203
2026-07-18,5,dinner,0,0,291
2026-07-19,6,breakfast,0,0,231
2026-07-19,6,lunch,0,0,356
2026-07-19,6,snacks,0,0,207
2026-07-19,6,dinner,0,0,333
2026-07-20,0,breakfast,0,0,246
2026-07-20,0,lunch,0,0,360
2026-07-20,0,snacks,0,0,196
2026-07-20,0,dinner,0,0,311
2026-07-21,1,breakfast,0,0,242
2026-07-21,1,lunch,0,0,360
2026-07-21,1,snacks,0,0,213
2026-07-21,1,dinner,0,0,305
2026-07-22,2,breakfast,0,0,253
2026-07-22,2,lunch,0,0,336
2026-07-22,2,snacks,0,0,202
2026-07-22,2,dinner,0,0,296
2026-07-23,3,breakfast,0,0,232
2026-07-23,3,lunch,0,0,317
2026-07-23,3,snacks,0,0,199
2026-07-23,3,dinner,0,0,320
2026-07-24,4,breakfast,0,0,229
2026-07-24,4,lunch,0,0,307
2026-07-24,4,snacks,0,0,194
2026-07-24,4,dinner,0,0,224
2026-07-25,5,breakfast,0,0,220
2026-07-25,5,lunch,0,0,356
2026-07-25,5,snacks,0,0,207
2026-07-25,5,dinner,0,0,313
2026-07-26,6,breakfast,0,0,216
2026-07-26,6,lunch,0,0,370
2026-07-26,6,snacks,0,0,214
2026-07-26,6,dinner,0,0,338
2026-07-27,0,breakfast,0,0,258
2026-07-27,0,lunch,0,0,338
2026-07-27,0,snacks,0,0,210
2026-07-27,0,dinner,0,0,336
2026-07-28,1,breakfast,0,0,251
2026-07-28,1,lunch,0,0,339
2026-07-28,1,snacks,0,0,197
2026-07-28,1,dinner,0,0,301
2026-07-29,2,breakfast,0,0,247
2026-07-29,2,lunch,0,0,330
2026-07-29,2,snacks,0,0,210
2026-07-29,2,dinner,0,0,303
2026-07-30,3,breakfast,0,0,248
2026-07-30,3,lunch,0,0,353
2026-07-30,3,snacks,0,0,208
2026-07-30,3,dinner,0,0,301
2026-07-31,4,breakfast,0,1,139
2026-07-31,4,lunch,0,1,193
2026-07-31,4,snacks,0,1,110
2026-07-31,4,dinner,0,1,128
2026-08-01,5,breakfast,0,0,226
2026-08-01,5,lunch,0,0,367
2026-08-01,5,snacks,0,0,213
2026-08-01,5,dinner,0,0,311
2026-08-02,6,breakfast,1,0,245
2026-08-02,6,lunch,1,0,391
2026-08-02,6,snacks,1,0,232
2026-08-02,6,dinner,1,0,369
2026-08-03,0,breakfast,1,0,298
2026-08-03,0,lunch,1,0,399
2026-08-03,0,snacks,1,0,234
2026-08-03,0,dinner,1,0,356
2026-08-04,1,breakfast,1,0,277
2026-08-04,1,lunch,1,0,379
2026-08-04,1,snacks,1,0,219
2026-08-04,1,dinner,1,0,339
2026-08-05,2,breakfast,1,0,290
2026-08-05,2,lunch,1,0,383
2026-08-05,2,snacks,1,0,217
2026-08-05,2,dinner,1,0,329
2026-08-06,3,breakfast,1,0,263
2026-08-06,3,lunch,1,0,374
2026-08-06,3,snacks,1,0,220
2026-08-06,3,dinner,1,0,316
2026-08-07,4,breakfast,1,0,254
2026-08-07,4,lunch,1,0,338
2026-08-07,4,snacks,1,0,211
2026-08-07,4,dinner,1,0,247
2026-08-08,5,breakfast,1,0,254
2026-08-08,5,lunch,1,0,384
2026-08-08,5,snacks,1,0,227
2026-08-08,5,dinner,1,0,352
2026-08-09,6,breakfast,0,0,238
2026-08-09,6,lunch,0,0,378
2026-08-09,6,snacks,0,0,211
2026-08-09,6,dinner,0,0,334
2026-08-10,0,breakfast,0,0,267
2026-08-10,0,lunch,0,0,361
2026-08-10,0,snacks,0,0,211
2026-08-10,0,dinner,0,0,344
2026-08-11,1,breakfast,0,0,256
2026-08-11,1,lunch,0,0,346
2026-08-11,1,snacks,0,0,213
2026-08-11,1,dinner,0,0,319
2026-08-12,2,breakfast,0,0,254
2026-08-12,2,lunch,0,0,357
2026-08-12,2,snacks,0,0,208
2026-08-12,2,dinner,0,0,315
2026-08-13,3,breakfast,0,0,259
2026-08-13,3,lunch,0,0,349
2026-08-13,3,snacks,0,0,200
2026-08-13,3,dinner,0,0,306
2026-08-14,4,breakfast,0,0,231
2026-08-14,4,lunch,0,0,323
2026-08-14,4,snacks,0,0,183
2026-08-14,4,dinner,0,0,217
2026-08-15,5,breakfast,0,0,227
2026-08-15,5,lunch,0,0,350
2026-08-15,5,snacks,0,0,202
2026-08-15,5,dinner,0,0,330
2026-08-16,6,breakfast,0,0,228
2026-08-16,6,lunch,0,0,381
2026-08-16,6,snacks,0,0,218
2026-08-16,6,dinner,0,0,325
2026-08-17,0,breakfast,0,0,259
2026-08-17,0,lunch,0,0,363
2026-08-17,0,snacks,0,0,215
2026-08-17,0,dinner,0,0,322
2026-08-18,1,breakfast,0,0,260
2026-08-18,1,lunch,0,0,342
2026-08-18,1,snacks,0,0,211
2026-08-18,1,dinner,0,0,304
2026-08-19,2,breakfast,0,0,255
2026-08-19,2,lunch,0,0,360
2026-08-19,2,snacks,0,0,214
2026-08-19,2,dinner,0,0,331
2026-08-20,3,breakfast,0,0,243
2026-08-20,3,lunch,0,0,357
2026-08-20,3,snacks,0,0,213
2026-08-20,3,dinner,0,0,321
2026-08-21,4,breakfast,0,0,230
2026-08-21,4,lunch,0,0,328
2026-08-21,4,snacks,0,0,201
2026-08-21,4,dinner,0,0,222
2026-08-22,5,breakfast,0,1,139
2026-08-22,5,lunch,0,1,228
2026-08-22,5,snacks,0,1,127
2026-08-22,5,dinner,0,1,201
2026-08-23,6,breakfast,0,0,228
2026-08-23,6,lunch,0,0,370
2026-08-23,6,snacks,0,0,218
2026-08-23,6,dinner,0,0,341
2026-08-24,0,breakfast,0,0,271
2026-08-24,0,lunch,0,0,383
2026-08-24,0,snacks,0,0,213
2026-08-24,0,dinner,0,0,332
2026-08-25,1,breakfast,0,0,272
2026-08-25,1,lunch,0,0,369
2026-08-25,1,snacks,0,0,205
2026-08-25,1,dinner,0,0,331
2026-08-26,2,breakfast,0,0,256
2026-08-26,2,lunch,0,0,360
2026-08-26,2,snacks,0,0,211
2026-08-26,2,dinner,0,0,330
2026-08-27,3,breakfast,0,0,258
2026-08-27,3,lunch,0,0,333
2026-08-27,3,snacks,0,0,199
2026-08-27,3,dinner,0,0,322
2026-08-28,4,breakfast,0,0,237
2026-08-28,4,lunch,0,0,339
2026-08-28,4,snacks,0,0,194
2026-08-28,4,dinner,0,0,229
2026-08-29,5,breakfast,0,0,238
2026-08-29,5,lunch,0,0,363
2026-08-29,5,snacks,0,0,205
2026-08-29,5,dinner,0,0,353
2026-08-30,6,breakfast,0,0,224
2026-08-30,6,lunch,0,0,391
2026-08-30,6,snacks,0,0,232
2026-08-30,6,dinner,0,0,344
2026-08-31,0,breakfast,0,1,156
2026-08-31,0,lunch,0,1,233
2026-08-31,0,snacks,0,1,127
2026-08-31,0,dinner,0,1,194
2026-09-01,1,breakfast,0,0,264
2026-09-01,1,lunch,0,0,375
2026-09-01,1,snacks,0,0,217
2026-09-01,1,dinner,0,0,335
2026-09-02,2,breakfast,0,0,259
2026-09-02,2,lunch,0,0,357
2026-09-02,2,snacks,0,0,204
2026-09-02,2,dinner,0,0,318
2026-09-03,3,breakfast,0,0,264
2026-09-03,3,lunch,0,0,353
2026-09-03,3,snacks,0,0,212
2026-09-03,3,dinner,0,0,313
2026-09-04,4,breakfast,0,0,237
2026-09-04,4,lunch,0,0,331
2026-09-04,4,snacks,0,0,193
2026-09-04,4,dinner,0,0,241
2026-09-05,5,breakfast,0,0,234
2026-09-05,5,lunch,0,0,395
2026-09-05,5,snacks,0,0,219
2026-09-05,5,dinner,0,0,333
2026-09-06,6,breakfast,1,0,251
2026-09-06,6,lunch,1,0,400
2026-09-06,6,snacks,1,0,251
2026-09-06,6,dinner,1,0,365
2026-09-07,0,breakfast,1,0,299
2026-09-07,0,lunch,1,0,400
2026-09-07,0,snacks,1,0,241
2026-09-07,0,dinner,1,0,361
2026-09-08,1,breakfast,1,0,300
2026-09-08,1,lunch,1,0,400
2026-09-08,1,snacks,1,0,238
2026-09-08,1,dinner,1,0,369
2026-09-09,2,breakfast,1,0,296
2026-09-09,2,lunch,1,0,388
2026-09-09,2,snacks,1,0,227
2026-09-09,2,dinner,1,0,353
2026-09-10,3,breakfast,1,0,282
2026-09-10,3,lunch,1,0,366
2026-09-10,3,snacks,1,0,237
2026-09-10,3,dinner,1,0,347
2026-09-11,4,breakfast,1,0,269
2026-09-11,4,lunch,1,0,348
2026-09-11,4,snacks,1,0,220
2026-09-11,4,dinner,1,0,253
2026-09-12,5,breakfast,1,0,253
2026-09-12,5,lunch,1,0,392
2026-09-12,5,snacks,1,0,240
2026-09-12,5,dinner,1,0,364
2026-09-13,6,breakfast,0,0,241
2026-09-13,6,lunch,0,0,396
2026-09-13,6,snacks,0,0,230
2026-09-13,6,dinner,0,0,360
2026-09-14,0,breakfast,0,0,276
2026-09-14,0,lunch,0,0,372
2026-09-14,0,snacks,0,0,226
2026-09-14,0,dinner,0,0,350
2026-09-15,1,breakfast,0,0,282
2026-09-15,1,lunch,0,0,382
2026-09-15,1,snacks,0,0,208
2026-09-15,1,dinner,0,0,337
2026-09-16,2,breakfast,0,0,279
2026-09-16,2,lunch,0,0,367
2026-09-16,2,snacks,0,0,212
2026-09-16,2,dinner,0,0,330
2026-09-17,3,breakfast,0,0,261
2026-09-17,3,lunch,0,0,370
2026-09-17,3,snacks,0,0,213
2026-09-17,3,dinner,0,0,338
2026-09-18,4,breakfast,0,0,250
2026-09-18,4,lunch,0,0,330
2026-09-18,4,snacks,0,0,202
2026-09-18,4,dinner,0,0,248
2026-09-19,5,breakfast,0,0,233
2026-09-19,5,lunch,0,0,378
2026-09-19,5,snacks,0,0,210
2026-09-19,5,dinner,0,0,351
2026-09-20,6,breakfast,0,0,240
2026-09-20,6,lunch,0,0,369
2026-09-20,6,snacks,0,0,220
2026-09-20,6,dinner,0,0,350
2026-09-21,0,breakfast,0,0,289
2026-09-21,0,lunch,0,0,386
2026-09-21,0,snacks,0,0,231
2026-09-21,0,dinner,0,0,335
2026-09-22,1,breakfast,0,0,264
2026-09-22,1,lunch,0,0,387
2026-09-22,1,snacks,0,0,225
2026-09-22,1,dinner,0,0,337
2026-09-23,2,breakfast,0,0,280
2026-09-23,2,lunch,0,0,359
2026-09-23,2,snacks,0,0,215
2026-09-23,2,dinner,0,0,341
2026-09-24,3,breakfast,0,0,282
2026-09-24,3,lunch,0,0,367
2026-09-24,3,snacks,0,0,226
2026-09-24,3,dinner,0,0,322
2026-09-25,4,breakfast,0,0,251
2026-09-25,4,lunch,0,0,339
2026-09-25,4,snacks,0,0,191
2026-09-25,4,dinner,0,0,245
2026-09-26,5,breakfast,0,0,246
2026-09-26,5,lunch,0,0,385
2026-09-26,5,snacks,0,0,227
2026-09-26,5,dinner,0,0,360
2026-09-27,6,breakfast,0,0,238
2026-09-27,6,lunch,0,0,380
2026-09-27,6,snacks,0,0,230
2026-09-27,6,dinner,0,0,343
2026-09-28,0,breakfast,0,0,297
2026-09-28,0,lunch,0,0,395
2026-09-28,0,snacks,0,0,224
2026-09-28,0,dinner,0,0,343
2026-09-29,1,breakfast,0,0,301
2026-09-29,1,lunch,0,0,373
2026-09-29,1,snacks,0,0,219
2026-09-29,1,dinner,0,0,343
2026-09-30,2,breakfast,0,0,277
2026-09-30,2,lunch,0,0,376
2026-09-30,2,snacks,0,0,214
2026-09-30,2,dinner,0,0,322
2026-10-01,3,breakfast,0,0,275
2026-10-01,3,lunch,0,0,369
2026-10-01,3,snacks,0,0,207
2026-10-01,3,dinner,0,0,342
2026-10-02,4,breakfast,0,0,256
2026-10-02,4,lunch,0,0,341
2026-10-02,4,snacks,0,0,201
2026-10-02,4,dinner,0,0,248
2026-10-03,5,breakfast,0,1,142
2026-10-03,5,lunch,0,1,225
2026-10-03,5,snacks,0,1,139
2026-10-03,5,dinner,0,1,200
