text,category
The dal had no flavour at all Please look into it.,Taste
"Again today, there is no non-veg option.",Menu
The idli was undercooked Please look into it.,Food Quality
Please note: the cook refused to serve more chapati This is unacceptable.,Staff Behaviour
Please note: the tea did not taste good today Very disappointing.,Taste
Please note: the sambar did not taste good today This is unacceptable.,Taste
"Again today, the tea had no flavour at all.",Taste
Please note: the samosa was stale This is unacceptable.,Food Quality
The server was rude to us,Staff Behaviour
Yesterday the snacks menu does not match what was displayed.,Menu
"At lunch, the dal was bland with no taste Please look into it.",Taste
Saw a cockroach near the serving counter.,Hygiene
The paneer was not fresh This is unacceptable.,Food Quality
Today waited 40 minutes in the queue This is unacceptable.,Delay / Queue
The tv in the dining hall is broken.,Other
"Again today, the chapati had no flavour at all",Taste
"Again today, the mess manager was disrespectful and the tv in the dining hall is broken.",Staff Behaviour
The roti had no flavour at all!,Taste
"At lunch, please add a feedback box",Other
Please note: found a hair in the rice and serving was very slow This is unacceptable.,Hygiene
"At lunch, the dal was not fresh This is unacceptable.",Food Quality
Today the dining hall is very hot.,Other
Staff gave us less dal on purpose,Staff Behaviour
"Again today, the rice was cold and hard",Food Quality
"Honestly, the tea tasted bitter Very disappointing.",Taste
Waited 40 minutes in the queue Very disappointing.,Delay / Queue
Please note: breakfast was served late!,Delay / Queue
The wifi in the mess is not working.,Other
Taste of the dal was awful and the tea was half raw Needs improvement.,Taste
The tea was bland with no taste.,Taste
Please note: found a hair in the tea and we need more variety in lunch!,Hygiene
The wifi in the mess is not working Very disappointing.,Other
Today the fans are not working This is unacceptable.,Other
Yesterday the dal tasted bitter.,Taste
Yesterday the rice was too spicy!,Taste
The samosa was undercooked.,Food Quality
"Honestly, found a fly in the curd.",Hygiene
The dining tables were dirty Very disappointing.,Hygiene
"Honestly, lunch was served late.",Delay / Queue
"Again today, the paneer was burnt",Food Quality
"Again today, the staff shouted at students Very disappointing.",Staff Behaviour
"At breakfast, we had to wait too long for idli Needs improvement.",Delay / Queue
"At lunch, the rice was undercooked This is unacceptable.",Food Quality
Today there is a bad smell near the kitchen Please look into it.,Hygiene
Yesterday the chapati was not fresh Please look into it.,Food Quality
"Again today, please add a feedback box Needs improvement.",Other
Please note: the mess manager was disrespectful and the snacks menu does not match what was displayed Very disappointing.,Staff Behaviour
"Honestly, the lights keep flickering and the water jug was dirty",Other
Please note: there is no non-veg option Needs improvement.,Menu
Please note: the queue for breakfast never moves,Delay / Queue
Today saw a cockroach near the serving counter and there is no non-veg option.,Hygiene
Please note: the paneer smelled bad and looked spoiled.,Food Quality
Today found stones in the tea This is unacceptable.,Food Quality
The mess manager was disrespectful.,Staff Behaviour
"Again today, the serving staff behaved badly!",Staff Behaviour
"Honestly, the line was too long Please look into it.",Delay / Queue
"Honestly, the queue for dinner never moves Needs improvement.",Delay / Queue
Yesterday the lights keep flickering.,Other
"At snacks, please add sabzi to the menu This is unacceptable.",Menu
The wifi in the mess is not working This is unacceptable.,Other
The staff shouted at students This is unacceptable.,Staff Behaviour
"At dinner, the counter staff misbehaved Very disappointing.",Staff Behaviour
"At dinner, there is no non-veg option.",Menu
"At lunch, the mess opened late for lunch.",Delay / Queue
Today the spoons were greasy and unclean,Hygiene
The curd was not fresh.,Food Quality
The fans are not working!,Other
The idli had no flavour at all!,Taste
"Again today, the samosa was half raw!",Food Quality
Staff gave us less sabzi on purpose,Staff Behaviour
Found a fly in the idli Please look into it.,Hygiene
Yesterday the line was too long Please look into it.,Delay / Queue
Please note: found a fly in the dal!,Hygiene
Yesterday waited 40 minutes in the queue.,Delay / Queue
"At snacks, the sabzi was too sweet This is unacceptable.",Taste
Please note: the water jug was dirty!,Hygiene
Snacks was served late.,Delay / Queue
Yesterday no healthy option for snacks and the staff shouted at students Needs improvement.,Menu
"Again today, there is a bad smell near the kitchen.",Hygiene
"Again today, the breakfast menu is boring and repeated!",Menu
"At breakfast, the paneer was too spicy!",Taste
Please note: dinner was served late,Delay / Queue
"Again today, the lights keep flickering.",Other
"Again today, sabzi was old and food quality is poor Needs improvement.",Food Quality
"At snacks, the staff were impolite and unhelpful",Staff Behaviour
Please note: the idli smelled bad and looked spoiled Needs improvement.,Food Quality
"Honestly, the cook refused to serve more curd!",Staff Behaviour
"Again today, dinner was served late Please look into it.",Delay / Queue
Today please add a feedback box This is unacceptable.,Other
"At snacks, the water jug was dirty.",Hygiene
"Honestly, the lights keep flickering Very disappointing.",Other
Please note: sabzi was old and food quality is poor Please look into it.,Food Quality
Please note: there is a bad smell near the kitchen Please look into it.,Hygiene
The queue for lunch never moves and the floor of the mess is filthy Please look into it.,Delay / Queue
Today the same tea is served every day Please look into it.,Menu
Yesterday the tea did not taste good today.,Taste
"Honestly, the plates were not washed properly",Hygiene
Yesterday the water cooler is not working,Other
"At snacks, the dining tables were dirty!",Hygiene
"Again today, the mess opened late for dinner",Delay / Queue
The mess entrance is too crowded with bicycles Needs improvement.,Other
"Honestly, the dal was too oily and heavy.",Food Quality
"At lunch, the staff shouted at students Please look into it.",Staff Behaviour
"Again today, the staff were not wearing gloves while serving.",Hygiene
Yesterday the dining tables were dirty!,Hygiene
Please note: roti is served too often Needs improvement.,Menu
Yesterday the mess entrance is too crowded with bicycles.,Other
"Again today, the dal was half raw This is unacceptable.",Food Quality
"At lunch, the mess manager was disrespectful Very disappointing.",Staff Behaviour
Please note: we need more variety in snacks.,Menu
We need more variety in dinner Very disappointing.,Menu
"Again today, too much salt in the rice Please look into it.",Taste
Today lunch was served late Very disappointing.,Delay / Queue
We had to wait too long for sabzi,Delay / Queue
"At breakfast, the mess manager was disrespectful This is unacceptable.",Staff Behaviour
Today the staff were not wearing gloves while serving This is unacceptable.,Hygiene
"Honestly, found a hair in the tea and please add a feedback box.",Hygiene
"Again today, the music is too loud Needs improvement.",Other
"Honestly, the staff were not wearing gloves while serving.",Hygiene
"Again today, the music is too loud!",Other
Taste of the sambar was awful This is unacceptable.,Taste
Please note: staff gave us less paneer on purpose!,Staff Behaviour
Please note: the paneer was undercooked,Food Quality
The spoons were greasy and unclean Please look into it.,Hygiene
There is a bad smell near the kitchen and the rice had no flavour at all Please look into it.,Hygiene
Today the food ran out before I reached the counter.,Delay / Queue
Today the queue for dinner never moves!,Delay / Queue
"At dinner, the music is too loud.",Other
The floor of the mess is filthy.,Hygiene
"Honestly, the chapati was undercooked Very disappointing.",Food Quality
Yesterday the counter staff misbehaved.,Staff Behaviour
Please note: snacks was served late.,Delay / Queue
"Honestly, staff gave us less rice on purpose This is unacceptable.",Staff Behaviour
Today the water cooler is not working Needs improvement.,Other
"At breakfast, the poha was half raw Needs improvement.",Food Quality
Serving was very slow Please look into it.,Delay / Queue
The food ran out before I reached the counter,Delay / Queue
Please note: found stones in the samosa,Food Quality
"At lunch, the poha was cold and hard",Food Quality
"Again today, dinner timing was not followed Please look into it.",Delay / Queue
Please note: the roti was too salty Very disappointing.,Taste
"Honestly, the dining tables were dirty Needs improvement.",Hygiene
Taste of the paneer was awful This is unacceptable.,Taste
The mess opened late for lunch.,Delay / Queue
Please note: the tea was cold and hard This is unacceptable.,Food Quality
Too many fried items in the menu Needs improvement.,Menu
The worker argued with us at snacks Please look into it.,Staff Behaviour
"Honestly, the food ran out before I reached the counter.",Delay / Queue
The poha was not fresh Very disappointing.,Food Quality
Please note: the server was rude to us Needs improvement.,Staff Behaviour
Roti is served too often and the serving staff behaved badly.,Menu
Today the tea was too spicy Very disappointing.,Taste
Please note: please add rice to the menu and the dal was cold and hard!,Menu
Today roti was old and food quality is poor Needs improvement.,Food Quality
Today the tea was very watery and tasteless.,Taste
"Honestly, taste of the tea was awful This is unacceptable.",Taste
Please note: the plates were not washed properly and the serving staff behaved badly!,Hygiene
Please note: the spoons were greasy and unclean Needs improvement.,Hygiene
"At lunch, we need more variety in lunch This is unacceptable.",Menu
The staff were impolite and unhelpful and the paneer smelled bad and looked spoiled!,Staff Behaviour
Yesterday the plates were not washed properly Please look into it.,Hygiene
The staff were impolite and unhelpful This is unacceptable.,Staff Behaviour
"Again today, there is a bad smell near the kitchen Very disappointing.",Hygiene
Yesterday the water jug was dirty Please look into it.,Hygiene
"Again today, the line was too long This is unacceptable.",Delay / Queue
"Again today, we need more variety in snacks Please look into it.",Menu
"Honestly, the poha was too salty.",Taste
"Again today, samosa is served too often!",Menu
"Again today, the plates were not washed properly.",Hygiene
"Honestly, please add a feedback box Very disappointing.",Other
"Again today, the fans are not working Needs improvement.",Other
The lights keep flickering Needs improvement.,Other
"Honestly, we need more variety in lunch Please look into it.",Menu
"Honestly, the dal was too oily and heavy Needs improvement.",Food Quality
"Honestly, the lights keep flickering.",Other
The samosa was too spicy.,Taste
Today the music is too loud and the tea had no flavour at all Very disappointing.,Other
Please note: the mess entrance is too crowded with bicycles!,Other
Today the sabzi was not fresh.,Food Quality
Today the mess manager was disrespectful Very disappointing.,Staff Behaviour
Today the sambar was half raw Needs improvement.,Food Quality
Today the dining hall is very hot Needs improvement.,Other
Today found a hair in the rice Needs improvement.,Hygiene
Today please add dal to the menu.,Menu
"Honestly, taste of the dal was awful.",Taste
Yesterday the same roti is served every day!,Menu
"Honestly, the rice had no flavour at all and the tea was too oily and heavy!",Taste
Serving was very slow!,Delay / Queue
Today the serving staff behaved badly!,Staff Behaviour
"Again today, the mess manager was disrespectful and there is a bad smell near the kitchen Please look into it.",Staff Behaviour
Please note: the worker argued with us at snacks,Staff Behaviour
"Honestly, we need more variety in lunch!",Menu
"Again today, the staff ignored our request Very disappointing.",Staff Behaviour
The dining tables were dirty.,Hygiene
"Honestly, found a hair in the chapati Please look into it.",Hygiene
Please note: the sabzi was too sweet.,Taste
The roti did not taste good today.,Taste
Please note: staff gave us less rice on purpose and the fans are not working.,Staff Behaviour
Yesterday rice was old and food quality is poor.,Food Quality
Today too many fried items in the menu and the samosa did not taste good today.,Menu
The same samosa is served every day Needs improvement.,Menu
Please note: the staff were impolite and unhelpful and please change the weekly menu Needs improvement.,Staff Behaviour
"Honestly, the lunch menu is boring and repeated and the dining hall is very hot!",Menu
"Honestly, the mess manager was disrespectful.",Staff Behaviour
"Honestly, please change the weekly menu and the samosa was too sweet Very disappointing.",Menu
Today the lights keep flickering!,Other
The music is too loud!,Other
"Honestly, the sambar was bland with no taste Very disappointing.",Taste
Today the dal was too oily and heavy This is unacceptable.,Food Quality
Please note: snacks timing was not followed.,Delay / Queue
"Again today, there is not enough seating Needs improvement.",Other
Yesterday samosa was old and food quality is poor,Food Quality
"Honestly, the sabzi did not taste good today Please look into it.",Taste
Please note: the server was rude to us and the music is too loud This is unacceptable.,Staff Behaviour
"Honestly, the water jug was dirty",Hygiene
Dal is served too often This is unacceptable.,Menu
No healthy option for snacks Very disappointing.,Menu
"Honestly, the chapati did not taste good today!",Taste
"Honestly, found a hair in the idli!",Hygiene
Yesterday the sambar was burnt.,Food Quality
Please note: we had to wait too long for roti!,Delay / Queue
Today the sabzi had no flavour at all.,Taste
Please note: the food ran out before I reached the counter.,Delay / Queue
The mess entrance is too crowded with bicycles.,Other
Please note: dinner timing was not followed.,Delay / Queue
"Honestly, please add sabzi to the menu Very disappointing.",Menu
Yesterday too many fried items in the menu Needs improvement.,Menu
"At breakfast, the mess opened late for breakfast Needs improvement.",Delay / Queue
"Honestly, too much salt in the sambar Very disappointing.",Taste
No healthy option for breakfast Very disappointing.,Menu
"Honestly, staff gave us less curd on purpose Needs improvement.",Staff Behaviour
Yesterday saw a cockroach near the serving counter Please look into it.,Hygiene
Dinner timing was not followed Needs improvement.,Delay / Queue
Saw a cockroach near the serving counter Very disappointing.,Hygiene
Today the mess entrance is too crowded with bicycles Please look into it.,Other
"At snacks, the counter staff misbehaved This is unacceptable.",Staff Behaviour
"At lunch, the sabzi was bland with no taste",Taste
Today please add dal to the menu Please look into it.,Menu
"Honestly, the server was rude to us This is unacceptable.",Staff Behaviour
Please note: the cook refused to serve more chapati Needs improvement.,Staff Behaviour
"At snacks, the staff were impolite and unhelpful Needs improvement.",Staff Behaviour
Please note: the chapati was half raw,Food Quality
"Honestly, there is not enough seating.",Other
"Honestly, there is a bad smell near the kitchen.",Hygiene
"Again today, the rice was undercooked This is unacceptable.",Food Quality
"Again today, taste of the paneer was awful.",Taste
Please note: found a hair in the poha Needs improvement.,Hygiene
Today chapati was old and food quality is poor This is unacceptable.,Food Quality
"Again today, the food ran out before I reached the counter",Delay / Queue
The plates were not washed properly Please look into it.,Hygiene
The samosa was burnt Please look into it.,Food Quality
Please note: the tea tasted bitter.,Taste
"At dinner, serving was very slow Very disappointing.",Delay / Queue
Snacks timing was not followed and the worker argued with us at snacks,Delay / Queue
"At dinner, the staff ignored our request This is unacceptable.",Staff Behaviour
Please note: the sabzi tasted bitter Needs improvement.,Taste
"Again today, the music is too loud",Other
"Honestly, the roti was too spicy.",Taste
Today the water cooler is not working This is unacceptable.,Other
"At snacks, the poha was too spicy Needs improvement.",Taste
The sambar was not fresh Very disappointing.,Food Quality
"Honestly, taste of the poha was awful",Taste
"At lunch, the wifi in the mess is not working.",Other
"At snacks, please add a feedback box.",Other
"Honestly, the paneer was bland with no taste.",Taste
The dinner menu does not match what was displayed Needs improvement.,Menu
Please note: we need more variety in lunch Needs improvement.,Menu
Yesterday the dal was not fresh.,Food Quality
"At snacks, the floor of the mess is filthy!",Hygiene
Please note: too much salt in the tea This is unacceptable.,Taste
Yesterday the same chapati is served every day.,Menu
"Again today, the paneer was not fresh and the fans are not working.",Food Quality
"Again today, the staff ignored our request.",Staff Behaviour
"Again today, the chapati was half raw Needs improvement.",Food Quality
"At snacks, the samosa was undercooked and the dining hall is very hot This is unacceptable.",Food Quality
"At lunch, the dining tables were dirty.",Hygiene
The chapati was undercooked.,Food Quality
The paneer did not taste good today.,Taste
"Honestly, the worker argued with us at snacks.",Staff Behaviour
"Again today, the rice was half raw Very disappointing.",Food Quality
"Again today, the same paneer is served every day.",Menu
"Honestly, the dinner menu does not match what was displayed and the serving staff behaved badly Very disappointing.",Menu
"Again today, the sambar tasted bitter!",Taste
Yesterday the idli was stale Needs improvement.,Food Quality
Lunch was served late.,Delay / Queue
Please note: waited 40 minutes in the queue!,Delay / Queue
Please note: the tv in the dining hall is broken!,Other
Yesterday breakfast timing was not followed Very disappointing.,Delay / Queue
Please note: no healthy option for breakfast Please look into it.,Menu
Taste of the idli was awful,Taste
"Again today, found stones in the sabzi This is unacceptable.",Food Quality
Please note: taste of the sambar was awful.,Taste
"Again today, the water jug was dirty Needs improvement.",Hygiene
"Again today, the staff shouted at students.",Staff Behaviour
The chapati was undercooked Very disappointing.,Food Quality
Only one counter was open.,Delay / Queue
The paneer was too salty Needs improvement.,Taste
We need more variety in breakfast,Menu
Found a fly in the paneer Needs improvement.,Hygiene
"At snacks, there is a bad smell near the kitchen.",Hygiene
Today serving was very slow.,Delay / Queue
Please note: the spoons were greasy and unclean.,Hygiene
Today the queue for dinner never moves Needs improvement.,Delay / Queue
Yesterday the staff were not wearing gloves while serving!,Hygiene
Yesterday found stones in the sambar.,Food Quality
Please note: the wifi in the mess is not working.,Other
"Again today, waited 40 minutes in the queue Please look into it.",Delay / Queue
Today the floor of the mess is filthy!,Hygiene
"At snacks, the line was too long and the serving staff behaved badly",Delay / Queue
"Honestly, the wifi in the mess is not working Please look into it.",Other
Please note: the line was too long Needs improvement.,Delay / Queue
"Again today, paneer was old and food quality is poor!",Food Quality
"Honestly, the samosa was too spicy.",Taste
"At lunch, staff gave us less sambar on purpose.",Staff Behaviour
Yesterday the staff shouted at students Please look into it.,Staff Behaviour
"Again today, the sabzi was too oily and heavy Please look into it.",Food Quality
The same dal is served every day,Menu
Please note: the sambar was undercooked Very disappointing.,Food Quality
The lunch menu does not match what was displayed This is unacceptable.,Menu
"At snacks, please change the weekly menu and the paneer was too salty Very disappointing.",Menu
"Honestly, the food ran out before I reached the counter This is unacceptable.",Delay / Queue
"At lunch, the rice was stale.",Food Quality
The worker argued with us at dinner,Staff Behaviour
Today the server was rude to us Needs improvement.,Staff Behaviour
Yesterday the serving staff behaved badly!,Staff Behaviour
"At lunch, too many fried items in the menu.",Menu
Too much salt in the curd,Taste
"Honestly, the water jug was dirty Needs improvement.",Hygiene
Too many fried items in the menu Please look into it.,Menu
"At dinner, the spoons were greasy and unclean Needs improvement.",Hygiene
Yesterday the roti was half raw Very disappointing.,Food Quality
Yesterday the floor of the mess is filthy!,Hygiene
Today the staff shouted at students!,Staff Behaviour
Please note: the sambar was not fresh!,Food Quality
Please note: the mess entrance is too crowded with bicycles Please look into it.,Other
Please note: the tea smelled bad and looked spoiled.,Food Quality
"Again today, no healthy option for dinner This is unacceptable.",Menu
"At breakfast, there is a bad smell near the kitchen Very disappointing.",Hygiene
Please note: we had to wait too long for chapati Needs improvement.,Delay / Queue
Please note: the mess opened late for breakfast!,Delay / Queue
"Honestly, the idli had no flavour at all.",Taste
Please note: the samosa was too salty and the worker argued with us at breakfast!,Taste
Please note: the dining hall is very hot This is unacceptable.,Other
Today the line was too long Please look into it.,Delay / Queue
Staff gave us less sambar on purpose Please look into it.,Staff Behaviour
Please note: the roti was very watery and tasteless!,Taste
The chapati was burnt.,Food Quality
Yesterday the roti was cold and hard Please look into it.,Food Quality
Yesterday the sabzi was half raw.,Food Quality
Yesterday we had to wait too long for chapati.,Delay / Queue
Yesterday the line was too long Needs improvement.,Delay / Queue
The cook refused to serve more sambar!,Staff Behaviour
Yesterday the wifi in the mess is not working This is unacceptable.,Other
Today the curd was too spicy Please look into it.,Taste
Yesterday the staff ignored our request Very disappointing.,Staff Behaviour
"At lunch, waited 40 minutes in the queue Needs improvement.",Delay / Queue
Please note: staff gave us less sabzi on purpose This is unacceptable.,Staff Behaviour
Today dinner was served late Needs improvement.,Delay / Queue
"At lunch, the rice was too sweet This is unacceptable.",Taste
"Again today, the roti smelled bad and looked spoiled Please look into it.",Food Quality
"At breakfast, the staff shouted at students!",Staff Behaviour
"Honestly, samosa was old and food quality is poor This is unacceptable.",Food Quality
"Honestly, the water cooler is not working",Other
"Honestly, the spoons were greasy and unclean Needs improvement.",Hygiene
The curd was too sweet,Taste
Yesterday the staff were impolite and unhelpful Very disappointing.,Staff Behaviour
"Again today, the fans are not working",Other
Please note: the staff ignored our request Needs improvement.,Staff Behaviour
"At breakfast, the fans are not working and too much salt in the poha Needs improvement.",Other
Sabzi is served too often Very disappointing.,Menu
"Honestly, the chapati tasted bitter Needs improvement.",Taste
Please note: the lights keep flickering Needs improvement.,Other
Today there is not enough seating.,Other
The line was too long This is unacceptable.,Delay / Queue
Yesterday the serving staff behaved badly.,Staff Behaviour
"Again today, breakfast timing was not followed",Delay / Queue
Please note: the mess entrance is too crowded with bicycles,Other
"Honestly, the curd was too oily and heavy Needs improvement.",Food Quality
The water cooler is not working Very disappointing.,Other
The roti was undercooked.,Food Quality
The dining tables were dirty Needs improvement.,Hygiene
Today tea was old and food quality is poor!,Food Quality
Yesterday the rice was very watery and tasteless Please look into it.,Taste
Please note: the tv in the dining hall is broken and the samosa was too spicy Needs improvement.,Other
"At dinner, the mess manager was disrespectful Please look into it.",Staff Behaviour
"At breakfast, rice is served too often Please look into it.",Menu
Please note: saw a cockroach near the serving counter Very disappointing.,Hygiene
Yesterday there is not enough seating.,Other
Samosa is served too often,Menu
Yesterday the dal was burnt Please look into it.,Food Quality
"Again today, the spoons were greasy and unclean Please look into it.",Hygiene
Yesterday the sambar was too oily and heavy.,Food Quality
"At dinner, the tea was too sweet Very disappointing.",Taste
"Honestly, the server was rude to us Very disappointing.",Staff Behaviour
Chapati is served too often Needs improvement.,Menu
Yesterday the cook refused to serve more curd Very disappointing.,Staff Behaviour
"Again today, the paneer was bland with no taste.",Taste
"Honestly, found a hair in the poha This is unacceptable.",Hygiene
"At breakfast, the curd was burnt.",Food Quality
"Honestly, please change the weekly menu.",Menu
Yesterday the tea smelled bad and looked spoiled.,Food Quality
"Honestly, the fans are not working and serving was very slow Please look into it.",Other
"At breakfast, the roti was half raw",Food Quality
Please note: the staff ignored our request Please look into it.,Staff Behaviour
The cook refused to serve more rice.,Staff Behaviour
The paneer was very watery and tasteless.,Taste
"At breakfast, the line was too long!",Delay / Queue
Please note: the poha was very watery and tasteless.,Taste
"At dinner, please add samosa to the menu and the staff ignored our request Very disappointing.",Menu
"Again today, snacks timing was not followed This is unacceptable.",Delay / Queue
Snacks was served late Very disappointing.,Delay / Queue
"At lunch, please change the weekly menu Very disappointing.",Menu
Yesterday the snacks menu is boring and repeated!,Menu
Waited 40 minutes in the queue!,Delay / Queue
Rice was old and food quality is poor!,Food Quality
"At dinner, the curd was undercooked and the serving staff behaved badly Very disappointing.",Food Quality
Please note: the serving staff behaved badly Very disappointing.,Staff Behaviour
"At breakfast, the poha was burnt Very disappointing.",Food Quality
"At dinner, the mess manager was disrespectful.",Staff Behaviour
"Again today, found stones in the samosa and too many fried items in the menu.",Food Quality
The plates were not washed properly Needs improvement.,Hygiene
Please note: the samosa had no flavour at all Needs improvement.,Taste
The queue for snacks never moves!,Delay / Queue
"Again today, the poha tasted bitter Needs improvement.",Taste
The serving staff behaved badly Please look into it.,Staff Behaviour
Please note: the curd was not fresh Needs improvement.,Food Quality
"At snacks, please change the weekly menu",Menu
"At breakfast, the roti was too spicy",Taste
Today the poha was not fresh.,Food Quality
"At snacks, only one counter was open and the staff shouted at students.",Delay / Queue
"At lunch, the water jug was dirty Please look into it.",Hygiene
"At lunch, the roti was not fresh",Food Quality
The sabzi was cold and hard Needs improvement.,Food Quality
"At breakfast, the curd was too salty This is unacceptable.",Taste
Yesterday we had to wait too long for tea Very disappointing.,Delay / Queue
The queue for dinner never moves Please look into it.,Delay / Queue
The roti was too salty and the dining hall is very hot Needs improvement.,Taste
Please note: dinner timing was not followed Needs improvement.,Delay / Queue
"At dinner, there is not enough seating",Other
"Again today, the dining hall is very hot!",Other
Yesterday the same sabzi is served every day Needs improvement.,Menu
"Again today, there is no non-veg option This is unacceptable.",Menu
The staff ignored our request Please look into it.,Staff Behaviour
"Again today, the line was too long!",Delay / Queue
Please note: the counter staff misbehaved!,Staff Behaviour
Please note: the music is too loud Very disappointing.,Other
Staff gave us less curd on purpose,Staff Behaviour
Too much salt in the roti.,Taste
Please note: only one counter was open!,Delay / Queue
"Again today, sabzi was old and food quality is poor.",Food Quality
Please note: the dining hall is very hot!,Other
Please note: the poha was burnt Needs improvement.,Food Quality
Today the dining tables were dirty and the sabzi was too salty Very disappointing.,Hygiene
Yesterday found stones in the dal,Food Quality
Today the staff were impolite and unhelpful This is unacceptable.,Staff Behaviour
Yesterday the paneer smelled bad and looked spoiled!,Food Quality
"Honestly, the mess entrance is too crowded with bicycles Please look into it.",Other
"Again today, the idli smelled bad and looked spoiled Needs improvement.",Food Quality
"Honestly, the wifi in the mess is not working Very disappointing.",Other
Please note: the tea was too sweet.,Taste
Yesterday the mess entrance is too crowded with bicycles,Other
The sabzi was bland with no taste Needs improvement.,Taste
Yesterday the music is too loud This is unacceptable.,Other
"At snacks, the tv in the dining hall is broken!",Other
Please note: waited 40 minutes in the queue Please look into it.,Delay / Queue
The wifi in the mess is not working,Other
The server was rude to us.,Staff Behaviour
Please note: serving was very slow This is unacceptable.,Delay / Queue
"Honestly, too much salt in the dal.",Taste
Please note: the tv in the dining hall is broken Very disappointing.,Other
Today the worker argued with us at breakfast,Staff Behaviour
"Again today, please change the weekly menu This is unacceptable.",Menu
The wifi in the mess is not working!,Other
Please note: the samosa was very watery and tasteless.,Taste
Taste of the curd was awful This is unacceptable.,Taste
Yesterday we need more variety in lunch Needs improvement.,Menu
"Honestly, the spoons were greasy and unclean.",Hygiene
"Again today, the sambar was too oily and heavy",Food Quality
"Again today, the mess manager was disrespectful.",Staff Behaviour
Yesterday the floor of the mess is filthy Needs improvement.,Hygiene
Breakfast was served late and the dal was burnt Very disappointing.,Delay / Queue
Found a hair in the samosa.,Hygiene
"Honestly, the same samosa is served every day.",Menu
"Honestly, the roti smelled bad and looked spoiled Very disappointing.",Food Quality
Yesterday sambar was old and food quality is poor Needs improvement.,Food Quality
Dinner was served late This is unacceptable.,Delay / Queue
"Again today, please add dal to the menu",Menu
"At dinner, the wifi in the mess is not working",Other
"Honestly, the staff ignored our request.",Staff Behaviour
Please note: the spoons were greasy and unclean Very disappointing.,Hygiene
Yesterday the counter staff misbehaved,Staff Behaviour
"At lunch, there is no non-veg option",Menu
Today the sabzi did not taste good today and the plates were not washed properly.,Taste
Today too much salt in the tea Needs improvement.,Taste
The samosa was too spicy Very disappointing.,Taste
Today the same poha is served every day This is unacceptable.,Menu
Please note: the mess entrance is too crowded with bicycles.,Other
Please note: the staff were impolite and unhelpful This is unacceptable.,Staff Behaviour
Please note: the curd was stale Needs improvement.,Food Quality
The counter staff misbehaved Please look into it.,Staff Behaviour
Please note: the paneer tasted bitter This is unacceptable.,Taste
The idli smelled bad and looked spoiled Please look into it.,Food Quality
"At dinner, the samosa was too spicy Very disappointing.",Taste
The sambar was too spicy!,Taste
Today the dining hall is very hot Please look into it.,Other
The curd was too salty Very disappointing.,Taste
Please note: the chapati was too sweet This is unacceptable.,Taste
Today the water jug was dirty!,Hygiene
"Honestly, there is not enough seating and we had to wait too long for curd This is unacceptable.",Other
"At dinner, no healthy option for dinner Please look into it.",Menu
"At snacks, the fans are not working Very disappointing.",Other
Yesterday the mess manager was disrespectful Very disappointing.,Staff Behaviour
Yesterday the mess manager was disrespectful Please look into it.,Staff Behaviour
The same paneer is served every day Needs improvement.,Menu
"Honestly, the tv in the dining hall is broken This is unacceptable.",Other
Only one counter was open Needs improvement.,Delay / Queue
"Again today, the poha tasted bitter!",Taste
Yesterday only one counter was open.,Delay / Queue
Please note: the plates were not washed properly!,Hygiene
We had to wait too long for dal.,Delay / Queue
"Again today, too much salt in the roti Very disappointing.",Taste
Please change the weekly menu Very disappointing.,Menu
"Again today, the spoons were greasy and unclean Needs improvement.",Hygiene
Yesterday the mess entrance is too crowded with bicycles!,Other
We had to wait too long for idli Very disappointing.,Delay / Queue
Today please change the weekly menu and staff gave us less paneer on purpose This is unacceptable.,Menu
We need more variety in breakfast!,Menu
"Again today, please add a feedback box.",Other
"Honestly, too much salt in the idli Very disappointing.",Taste
Yesterday the plates were not washed properly!,Hygiene
"Again today, the dinner menu is boring and repeated Please look into it.",Menu
"At dinner, the cook refused to serve more roti Very disappointing.",Staff Behaviour
Please add sabzi to the menu!,Menu
Today taste of the roti was awful,Taste
Please note: found a fly in the idli and the paneer was undercooked,Hygiene
Yesterday please add dal to the menu,Menu
Yesterday the water jug was dirty Needs improvement.,Hygiene
The serving staff behaved badly and too much salt in the dal Please look into it.,Staff Behaviour
Yesterday the curd was cold and hard Needs improvement.,Food Quality
"At snacks, the sambar was not fresh Very disappointing.",Food Quality
"Honestly, the line was too long.",Delay / Queue
"Again today, please add samosa to the menu",Menu
The mess opened late for snacks,Delay / Queue
"Honestly, the dinner menu is boring and repeated Needs improvement.",Menu
Today the chapati did not taste good today.,Taste
"At lunch, there is a bad smell near the kitchen.",Hygiene
"At dinner, the staff ignored our request and the wifi in the mess is not working",Staff Behaviour
"Again today, the staff were not wearing gloves while serving and the mess entrance is too crowded with bicycles.",Hygiene
Please note: the sambar was half raw Very disappointing.,Food Quality
"Again today, roti was old and food quality is poor!",Food Quality
"Honestly, the roti was very watery and tasteless and the snacks menu is boring and repeated",Taste
The same curd is served every day Please look into it.,Menu
Waited 40 minutes in the queue Needs improvement.,Delay / Queue
Today the staff were not wearing gloves while serving.,Hygiene
"Honestly, the mess manager was disrespectful Needs improvement.",Staff Behaviour
Please note: found stones in the sambar This is unacceptable.,Food Quality
Sambar was old and food quality is poor This is unacceptable.,Food Quality
Today the worker argued with us at breakfast Very disappointing.,Staff Behaviour
"At lunch, the dining tables were dirty Very disappointing.",Hygiene
The music is too loud Very disappointing.,Other
"Again today, the staff ignored our request!",Staff Behaviour
Serving was very slow Very disappointing.,Delay / Queue
"Again today, the music is too loud.",Other
The music is too loud,Other
Found a hair in the sabzi!,Hygiene
Today the same sabzi is served every day,Menu
Please note: no healthy option for lunch!,Menu
"At breakfast, the water jug was dirty Please look into it.",Hygiene
"Again today, the poha was too oily and heavy and the counter staff misbehaved",Food Quality
Too much salt in the roti Please look into it.,Taste
Please note: snacks was served late!,Delay / Queue
"At lunch, found stones in the dal.",Food Quality
Breakfast was served late Very disappointing.,Delay / Queue
"At snacks, please add poha to the menu and staff gave us less curd on purpose.",Menu
Please note: the mess manager was disrespectful,Staff Behaviour
Please note: there is no non-veg option.,Menu
"Again today, waited 40 minutes in the queue",Delay / Queue
Yesterday the dal had no flavour at all Please look into it.,Taste
Please note: the roti was too salty Please look into it.,Taste
Saw a cockroach near the serving counter,Hygiene
The dal was too salty Please look into it.,Taste
"At breakfast, serving was very slow.",Delay / Queue
"Again today, too much salt in the samosa!",Taste
Please note: the dinner menu is boring and repeated!,Menu
The staff ignored our request Very disappointing.,Staff Behaviour
"Again today, the mess entrance is too crowded with bicycles Needs improvement.",Other
The samosa was too oily and heavy,Food Quality
Yesterday the food ran out before I reached the counter,Delay / Queue
"Honestly, the staff shouted at students Needs improvement.",Staff Behaviour
"At snacks, too much salt in the rice!",Taste
"Again today, the floor of the mess is filthy This is unacceptable.",Hygiene
"Honestly, the poha was bland with no taste!",Taste
"At lunch, sambar was old and food quality is poor.",Food Quality
"Again today, the tv in the dining hall is broken!",Other
Today there is a bad smell near the kitchen Needs improvement.,Hygiene
The staff ignored our request Needs improvement.,Staff Behaviour
Today only one counter was open Very disappointing.,Delay / Queue
"At snacks, the staff were not wearing gloves while serving Very disappointing.",Hygiene
Please note: serving was very slow Please look into it.,Delay / Queue
The samosa was too salty,Taste
"Honestly, serving was very slow Very disappointing.",Delay / Queue
"Honestly, the mess manager was disrespectful This is unacceptable.",Staff Behaviour
The floor of the mess is filthy and the cook refused to serve more roti Very disappointing.,Hygiene
Yesterday there is a bad smell near the kitchen Needs improvement.,Hygiene
"At breakfast, the staff were not wearing gloves while serving.",Hygiene
"At breakfast, please add a feedback box.",Other
Today the music is too loud This is unacceptable.,Other
Today the tea was too salty Very disappointing.,Taste
"Again today, the food ran out before I reached the counter!",Delay / Queue
"Honestly, the rice was undercooked Very disappointing.",Food Quality
Yesterday the paneer was burnt Please look into it.,Food Quality
"At breakfast, the poha was very watery and tasteless!",Taste
Please note: the dining tables were dirty This is unacceptable.,Hygiene
"Honestly, too much salt in the sambar.",Taste
The mess manager was disrespectful and the paneer was too salty.,Staff Behaviour
"Honestly, the dining hall is very hot",Other
"Again today, please change the weekly menu and the lights keep flickering Please look into it.",Menu
Today the server was rude to us.,Staff Behaviour
Today the plates were not washed properly!,Hygiene
Today the server was rude to us Very disappointing.,Staff Behaviour
Idli is served too often.,Menu
Please note: the staff shouted at students Very disappointing.,Staff Behaviour
The lunch menu is boring and repeated,Menu
"Again today, the dal was half raw Needs improvement.",Food Quality
"At dinner, the rice was too sweet!",Taste
"At snacks, the curd was bland with no taste!",Taste
Today the water cooler is not working!,Other
The same curd is served every day!,Menu
Today staff gave us less tea on purpose,Staff Behaviour
Too much salt in the poha.,Taste
"At breakfast, the wifi in the mess is not working and waited 40 minutes in the queue Please look into it.",Other
"Honestly, found a fly in the paneer",Hygiene
The dal was cold and hard.,Food Quality
The food ran out before I reached the counter This is unacceptable.,Delay / Queue
Please note: waited 40 minutes in the queue and the chapati was half raw.,Delay / Queue
Today please add poha to the menu.,Menu
"Again today, please change the weekly menu Needs improvement.",Menu
"At breakfast, taste of the dal was awful Needs improvement.",Taste
"Honestly, the dining tables were dirty and the staff ignored our request Very disappointing.",Hygiene
"At snacks, the rice was too oily and heavy!",Food Quality
The sabzi had no flavour at all.,Taste
Yesterday the worker argued with us at breakfast.,Staff Behaviour
"At lunch, no healthy option for lunch Very disappointing.",Menu
"Again today, too much salt in the sabzi and too many fried items in the menu.",Taste
The line was too long,Delay / Queue
Taste of the samosa was awful,Taste
"At dinner, the tea did not taste good today",Taste
"Honestly, sambar was old and food quality is poor Needs improvement.",Food Quality
Today the cook refused to serve more sabzi!,Staff Behaviour
The wifi in the mess is not working Please look into it.,Other
There is not enough seating.,Other
Yesterday the breakfast menu does not match what was displayed,Menu
The sabzi was too salty!,Taste
Please note: the sabzi was burnt!,Food Quality
"Honestly, the tea was burnt Very disappointing.",Food Quality
"Again today, the floor of the mess is filthy Please look into it.",Hygiene
Yesterday the fans are not working.,Other
"At breakfast, there is not enough seating!",Other
Today please change the weekly menu Very disappointing.,Menu
"At dinner, the lights keep flickering.",Other
"Again today, please add samosa to the menu!",Menu
Please note: the roti was half raw Needs improvement.,Food Quality
"Again today, the floor of the mess is filthy!",Hygiene
"At lunch, paneer was old and food quality is poor!",Food Quality
Today waited 40 minutes in the queue Needs improvement.,Delay / Queue
Please note: the sabzi smelled bad and looked spoiled This is unacceptable.,Food Quality
Yesterday taste of the samosa was awful Please look into it.,Taste
Today waited 40 minutes in the queue Please look into it.,Delay / Queue
Please note: the lights keep flickering and there is no non-veg option Please look into it.,Other
Found a hair in the curd.,Hygiene
The worker argued with us at dinner!,Staff Behaviour
The roti was too oily and heavy Please look into it.,Food Quality
"At lunch, there is not enough seating and the spoons were greasy and unclean!",Other
"Again today, serving was very slow Please look into it.",Delay / Queue
Today the mess manager was disrespectful Needs improvement.,Staff Behaviour
Please note: please change the weekly menu!,Menu
Yesterday the staff ignored our request Please look into it.,Staff Behaviour
"Honestly, the serving staff behaved badly Please look into it.",Staff Behaviour
"At lunch, waited 40 minutes in the queue.",Delay / Queue
"Again today, the curd did not taste good today and we need more variety in dinner Very disappointing.",Taste
The music is too loud.,Other
Yesterday the worker argued with us at snacks.,Staff Behaviour
"Honestly, the tea was too spicy!",Taste
Please note: the dining hall is very hot.,Other
Yesterday there is a bad smell near the kitchen.,Hygiene
Too many fried items in the menu,Menu
The tv in the dining hall is broken Please look into it.,Other
Today curd was old and food quality is poor Please look into it.,Food Quality
"At lunch, please change the weekly menu!",Menu
Too many fried items in the menu and the lights keep flickering.,Menu
We had to wait too long for chapati This is unacceptable.,Delay / Queue
Please note: the poha was too oily and heavy Needs improvement.,Food Quality
Yesterday there is no non-veg option!,Menu
Today the wifi in the mess is not working This is unacceptable.,Other
Poha is served too often Very disappointing.,Menu
Yesterday there is no non-veg option Very disappointing.,Menu
The plates were not washed properly Very disappointing.,Hygiene
"At dinner, found a hair in the samosa Please look into it.",Hygiene
The tea was stale,Food Quality
"At breakfast, the water jug was dirty",Hygiene
The server was rude to us and serving was very slow This is unacceptable.,Staff Behaviour
The staff were not wearing gloves while serving.,Hygiene
Today the poha was very watery and tasteless!,Taste
"Again today, there is not enough seating Please look into it.",Other
"At lunch, there is not enough seating.",Other
Today we had to wait too long for poha and the dinner menu does not match what was displayed.,Delay / Queue
"Again today, the water cooler is not working",Other
Please note: curd was old and food quality is poor Needs improvement.,Food Quality
Please note: breakfast was served late Please look into it.,Delay / Queue
Today serving was very slow Very disappointing.,Delay / Queue
Saw a cockroach near the serving counter Please look into it.,Hygiene
Today the lunch menu does not match what was displayed!,Menu
The paneer was burnt.,Food Quality
"Again today, we need more variety in breakfast Needs improvement.",Menu
"Again today, the lights keep flickering",Other
"At breakfast, the tv in the dining hall is broken",Other
"Honestly, we had to wait too long for samosa Please look into it.",Delay / Queue
Yesterday the serving staff behaved badly and the music is too loud!,Staff Behaviour
"At lunch, the food ran out before I reached the counter.",Delay / Queue
The mess entrance is too crowded with bicycles This is unacceptable.,Other
Today we had to wait too long for dal!,Delay / Queue
Today we had to wait too long for paneer.,Delay / Queue
"Again today, paneer is served too often Please look into it.",Menu
Today the server was rude to us This is unacceptable.,Staff Behaviour
"Again today, the counter staff misbehaved Very disappointing.",Staff Behaviour
Please note: the chapati smelled bad and looked spoiled This is unacceptable.,Food Quality
The lights keep flickering.,Other
"At snacks, the music is too loud and the server was rude to us Very disappointing.",Other
"Honestly, saw a cockroach near the serving counter.",Hygiene
Today poha is served too often.,Menu
Please note: waited 40 minutes in the queue.,Delay / Queue
The dal was burnt,Food Quality
The water jug was dirty!,Hygiene
The worker argued with us at lunch.,Staff Behaviour
"At snacks, the staff were impolite and unhelpful Very disappointing.",Staff Behaviour
The breakfast menu does not match what was displayed This is unacceptable.,Menu
"Honestly, please add a feedback box!",Other
Please add a feedback box Needs improvement.,Other
"At breakfast, the tea was stale.",Food Quality
Today the plates were not washed properly,Hygiene
The food ran out before I reached the counter.,Delay / Queue
Yesterday staff gave us less sabzi on purpose.,Staff Behaviour
Please note: the water cooler is not working Needs improvement.,Other
Today the poha did not taste good today.,Taste
Please note: the mess manager was disrespectful This is unacceptable.,Staff Behaviour
The same sambar is served every day and the idli was bland with no taste!,Menu
"At breakfast, the samosa was too spicy This is unacceptable.",Taste
"At breakfast, the samosa did not taste good today.",Taste
There is a bad smell near the kitchen Please look into it.,Hygiene
Yesterday the rice was bland with no taste Needs improvement.,Taste
Today please add a feedback box!,Other
The mess entrance is too crowded with bicycles!,Other
"Honestly, the plates were not washed properly.",Hygiene
Please note: the counter staff misbehaved.,Staff Behaviour
"Honestly, the dinner menu is boring and repeated and there is not enough seating.",Menu
"At lunch, found a fly in the idli.",Hygiene
"At breakfast, no healthy option for breakfast Needs improvement.",Menu
Too many fried items in the menu This is unacceptable.,Menu
Tea was old and food quality is poor Needs improvement.,Food Quality
"At breakfast, the roti was cold and hard!",Food Quality
The wifi in the mess is not working Needs improvement.,Other
Yesterday the tv in the dining hall is broken and the poha was very watery and tasteless!,Other
"At lunch, the dal did not taste good today Very disappointing.",Taste
The breakfast menu does not match what was displayed,Menu
Found a fly in the curd.,Hygiene
"Honestly, idli was old and food quality is poor",Food Quality
Yesterday saw a cockroach near the serving counter.,Hygiene
"Honestly, too much salt in the samosa.",Taste
"At breakfast, found a fly in the paneer Please look into it.",Hygiene
"At dinner, the wifi in the mess is not working and the floor of the mess is filthy!",Other
"At lunch, the dining hall is very hot Please look into it.",Other
Please note: please change the weekly menu.,Menu
"At snacks, the dal was not fresh and dinner was served late.",Food Quality
Please add roti to the menu!,Menu
Yesterday the samosa smelled bad and looked spoiled.,Food Quality
Today the dal was too salty Please look into it.,Taste
Yesterday the paneer had no flavour at all,Taste
Today the dining hall is very hot!,Other
Yesterday saw a cockroach near the serving counter Very disappointing.,Hygiene
"At breakfast, the counter staff misbehaved and the rice had no flavour at all Please look into it.",Staff Behaviour
The food ran out before I reached the counter Needs improvement.,Delay / Queue
"Honestly, we had to wait too long for idli.",Delay / Queue
Today the mess manager was disrespectful!,Staff Behaviour
Yesterday found stones in the tea.,Food Quality
The staff were impolite and unhelpful Needs improvement.,Staff Behaviour
Yesterday the idli was not fresh and the staff were not wearing gloves while serving.,Food Quality
"At lunch, the water cooler is not working and the worker argued with us at breakfast.",Other
The idli had no flavour at all Needs improvement.,Taste
Yesterday the lights keep flickering This is unacceptable.,Other
Yesterday the staff ignored our request Needs improvement.,Staff Behaviour
Today the samosa was too salty!,Taste
Yesterday the lunch menu does not match what was displayed Please look into it.,Menu
The dal was burnt Please look into it.,Food Quality
Today too much salt in the samosa Very disappointing.,Taste
Today the counter staff misbehaved This is unacceptable.,Staff Behaviour
"Honestly, the worker argued with us at lunch This is unacceptable.",Staff Behaviour
Yesterday there is not enough seating and waited 40 minutes in the queue!,Other
Please note: the queue for lunch never moves and the staff shouted at students Needs improvement.,Delay / Queue
"At snacks, there is no non-veg option This is unacceptable.",Menu
Today the tea smelled bad and looked spoiled,Food Quality
Please note: saw a cockroach near the serving counter This is unacceptable.,Hygiene
Please note: the paneer tasted bitter.,Taste
"Again today, too many fried items in the menu This is unacceptable.",Menu
The roti was cold and hard!,Food Quality
"At snacks, found a hair in the sambar.",Hygiene
We need more variety in breakfast Please look into it.,Menu
Taste of the samosa was awful.,Taste
The paneer was burnt This is unacceptable.,Food Quality
"Honestly, the tea was not fresh This is unacceptable.",Food Quality
The mess opened late for dinner.,Delay / Queue
Today we had to wait too long for chapati,Delay / Queue
"At snacks, found stones in the sabzi This is unacceptable.",Food Quality
Today the music is too loud Please look into it.,Other
The paneer was too spicy.,Taste
"Honestly, the curd was too spicy and the water cooler is not working Needs improvement.",Taste
The idli was too oily and heavy,Food Quality
No healthy option for breakfast!,Menu
Yesterday the counter staff misbehaved Please look into it.,Staff Behaviour
The same paneer is served every day.,Menu
"Honestly, the sabzi was too spicy",Taste
"At snacks, the samosa was cold and hard This is unacceptable.",Food Quality
The tv in the dining hall is broken Very disappointing.,Other
The dal was too spicy Please look into it.,Taste
The dinner menu is boring and repeated Needs improvement.,Menu
Found a fly in the roti,Hygiene
"Honestly, the tv in the dining hall is broken.",Other
"Honestly, the worker argued with us at breakfast.",Staff Behaviour
"At lunch, there is not enough seating Very disappointing.",Other
Yesterday the staff shouted at students.,Staff Behaviour
Today the staff shouted at students and we had to wait too long for poha.,Staff Behaviour
Please note: the dinner menu is boring and repeated,Menu
"Honestly, the plates were not washed properly!",Hygiene
Please note: the poha was undercooked and the staff were not wearing gloves while serving This is unacceptable.,Food Quality
The food ran out before I reached the counter!,Delay / Queue
Yesterday we had to wait too long for chapati Please look into it.,Delay / Queue
Today taste of the idli was awful This is unacceptable.,Taste
Yesterday the paneer was cold and hard Very disappointing.,Food Quality
Yesterday the dal was stale Please look into it.,Food Quality
The curd was stale.,Food Quality
Too many fried items in the menu.,Menu
Today the same rice is served every day Please look into it.,Menu
The idli tasted bitter Very disappointing.,Taste
Today we had to wait too long for samosa This is unacceptable.,Delay / Queue
Please note: there is a bad smell near the kitchen,Hygiene
Yesterday the tea was bland with no taste,Taste
Please note: we need more variety in snacks and the fans are not working Very disappointing.,Menu
Today snacks was served late,Delay / Queue
"Again today, the samosa tasted bitter and the curd was too oily and heavy Very disappointing.",Taste
"At snacks, staff gave us less chapati on purpose.",Staff Behaviour
The sabzi was half raw and saw a cockroach near the serving counter Please look into it.,Food Quality
Yesterday found a hair in the paneer Needs improvement.,Hygiene
"At breakfast, we need more variety in breakfast and the poha was not fresh.",Menu
Please note: the same chapati is served every day.,Menu
"Again today, the chapati was too spicy Please look into it.",Taste
Please note: the tea did not taste good today,Taste
"At dinner, the dining tables were dirty.",Hygiene
The line was too long and the wifi in the mess is not working,Delay / Queue
Yesterday taste of the chapati was awful This is unacceptable.,Taste
Too much salt in the poha This is unacceptable.,Taste
Today we need more variety in breakfast and the sabzi was bland with no taste Very disappointing.,Menu
Yesterday the server was rude to us!,Staff Behaviour
The staff ignored our request!,Staff Behaviour
"Again today, the staff shouted at students This is unacceptable.",Staff Behaviour
Please note: too many fried items in the menu!,Menu
"At snacks, please change the weekly menu.",Menu
The tv in the dining hall is broken,Other
Today the staff were impolite and unhelpful.,Staff Behaviour
Please note: we had to wait too long for roti,Delay / Queue
The roti smelled bad and looked spoiled.,Food Quality
Please note: the counter staff misbehaved and the roti was very watery and tasteless.,Staff Behaviour
Please note: the worker argued with us at lunch This is unacceptable.,Staff Behaviour
Today the staff ignored our request.,Staff Behaviour
Yesterday no healthy option for breakfast Needs improvement.,Menu
"At lunch, the food ran out before I reached the counter This is unacceptable.",Delay / Queue
"Honestly, there is not enough seating",Other
Today snacks timing was not followed!,Delay / Queue
Today the tv in the dining hall is broken Needs improvement.,Other
"Honestly, too much salt in the roti Please look into it.",Taste
Today curd is served too often Needs improvement.,Menu
Today we need more variety in breakfast and the spoons were greasy and unclean,Menu
"At lunch, the staff shouted at students Needs improvement.",Staff Behaviour
"Again today, found a fly in the dal.",Hygiene
Today curd was old and food quality is poor.,Food Quality
The idli had no flavour at all This is unacceptable.,Taste
Yesterday the counter staff misbehaved Needs improvement.,Staff Behaviour
The chapati was too spicy!,Taste
The staff were impolite and unhelpful.,Staff Behaviour
Please note: the tea was undercooked This is unacceptable.,Food Quality
The serving staff behaved badly.,Staff Behaviour
Yesterday the line was too long,Delay / Queue
The poha was too spicy.,Taste
"Again today, the staff were not wearing gloves while serving Needs improvement.",Hygiene
Today the curd was too sweet Needs improvement.,Taste
The spoons were greasy and unclean Needs improvement.,Hygiene
Please note: we had to wait too long for chapati Very disappointing.,Delay / Queue
"Honestly, we need more variety in snacks and the roti was very watery and tasteless.",Menu
Please note: the poha was not fresh.,Food Quality
"Again today, the floor of the mess is filthy and the curd was cold and hard Very disappointing.",Hygiene
"Again today, the chapati was burnt!",Food Quality
Today please add a feedback box Needs improvement.,Other
Today the queue for snacks never moves Very disappointing.,Delay / Queue
"At lunch, the dal was not fresh.",Food Quality
"At breakfast, the lights keep flickering Please look into it.",Other
"Again today, snacks timing was not followed",Delay / Queue
Yesterday only one counter was open Very disappointing.,Delay / Queue
"At lunch, we need more variety in lunch Needs improvement.",Menu
Please note: the mess manager was disrespectful Very disappointing.,Staff Behaviour
Today found a hair in the poha This is unacceptable.,Hygiene
"Honestly, the water cooler is not working Very disappointing.",Other
"Honestly, found a fly in the samosa.",Hygiene
Please change the weekly menu.,Menu
The paneer was stale.,Food Quality
"Honestly, there is no non-veg option.",Menu
Snacks timing was not followed Very disappointing.,Delay / Queue
Please note: the plates were not washed properly This is unacceptable.,Hygiene
"At breakfast, the mess opened late for breakfast.",Delay / Queue
"Again today, the mess opened late for breakfast",Delay / Queue
Please note: the dining tables were dirty Very disappointing.,Hygiene
The idli was half raw.,Food Quality
"At breakfast, the cook refused to serve more poha Please look into it.",Staff Behaviour
Yesterday too many fried items in the menu,Menu
Please note: the sambar tasted bitter This is unacceptable.,Taste
Today the queue for lunch never moves Very disappointing.,Delay / Queue
Yesterday the water jug was dirty Very disappointing.,Hygiene
"Again today, the mess opened late for dinner Very disappointing.",Delay / Queue
Today the dining tables were dirty,Hygiene
"Again today, please add roti to the menu Needs improvement.",Menu
"At breakfast, there is a bad smell near the kitchen!",Hygiene
"Again today, the dal was stale Very disappointing.",Food Quality
Please note: the mess opened late for dinner Please look into it.,Delay / Queue
"Honestly, the water cooler is not working.",Other
"At lunch, found a hair in the dal Very disappointing.",Hygiene
There is no non-veg option!,Menu
"At lunch, the staff ignored our request and we had to wait too long for curd.",Staff Behaviour
Yesterday chapati was old and food quality is poor!,Food Quality
Today serving was very slow,Delay / Queue
"Again today, the idli was bland with no taste.",Taste
Today the wifi in the mess is not working!,Other
"Honestly, the mess entrance is too crowded with bicycles",Other
The water jug was dirty Very disappointing.,Hygiene
The server was rude to us This is unacceptable.,Staff Behaviour
The serving staff behaved badly!,Staff Behaviour
"Honestly, no healthy option for lunch.",Menu
The sambar tasted bitter and the poha was burnt This is unacceptable.,Taste
"At snacks, the mess entrance is too crowded with bicycles.",Other
The snacks menu does not match what was displayed Very disappointing.,Menu
Please note: the counter staff misbehaved and waited 40 minutes in the queue Very disappointing.,Staff Behaviour
Please note: the chapati was too spicy Very disappointing.,Taste
Breakfast timing was not followed.,Delay / Queue
Today the floor of the mess is filthy Very disappointing.,Hygiene
Today the staff were impolite and unhelpful!,Staff Behaviour
"At snacks, we need more variety in snacks Very disappointing.",Menu
"At lunch, the dal was too oily and heavy Please look into it.",Food Quality
"At dinner, found a hair in the curd",Hygiene
Please note: the worker argued with us at snacks Please look into it.,Staff Behaviour
The spoons were greasy and unclean.,Hygiene
"Honestly, waited 40 minutes in the queue.",Delay / Queue
The sambar was cold and hard!,Food Quality
Please note: the food ran out before I reached the counter This is unacceptable.,Delay / Queue
Today the line was too long.,Delay / Queue
Today found a hair in the dal Very disappointing.,Hygiene
"Again today, the worker argued with us at lunch.",Staff Behaviour
Please note: too much salt in the curd,Taste
"Honestly, there is a bad smell near the kitchen and the tv in the dining hall is broken Very disappointing.",Hygiene
"Again today, curd was old and food quality is poor Please look into it.",Food Quality
Yesterday the sabzi was too sweet and the mess manager was disrespectful.,Taste
Yesterday waited 40 minutes in the queue,Delay / Queue
Please note: too many fried items in the menu Needs improvement.,Menu
Yesterday please change the weekly menu Very disappointing.,Menu
"Again today, the roti was very watery and tasteless Very disappointing.",Taste
"At lunch, the fans are not working and staff gave us less poha on purpose Needs improvement.",Other
"Again today, the chapati was not fresh.",Food Quality
Yesterday the chapati was cold and hard Please look into it.,Food Quality
Today idli is served too often and the sabzi was bland with no taste.,Menu
Please note: the queue for breakfast never moves.,Delay / Queue
Please note: found a fly in the tea,Hygiene
Please note: the chapati was not fresh.,Food Quality
Yesterday there is not enough seating and waited 40 minutes in the queue,Other
"Honestly, the spoons were greasy and unclean!",Hygiene
"Again today, the staff ignored our request Needs improvement.",Staff Behaviour
"Honestly, the mess entrance is too crowded with bicycles!",Other
Today we need more variety in snacks.,Menu
Please note: too many fried items in the menu.,Menu
"Honestly, the paneer was too spicy.",Taste
Today lunch timing was not followed,Delay / Queue
"At snacks, snacks was served late Needs improvement.",Delay / Queue
"Again today, please add idli to the menu.",Menu
"Honestly, the curd had no flavour at all Please look into it.",Taste
Taste of the chapati was awful and the mess opened late for dinner.,Taste
"Honestly, the worker argued with us at lunch.",Staff Behaviour
Breakfast was served late.,Delay / Queue
"At dinner, tea is served too often.",Menu
Today the rice was stale Please look into it.,Food Quality
"Again today, please change the weekly menu.",Menu
The idli was bland with no taste Needs improvement.,Taste
Today the lights keep flickering Very disappointing.,Other
Please note: the mess entrance is too crowded with bicycles and the worker argued with us at breakfast!,Other
Yesterday too many fried items in the menu Very disappointing.,Menu
Please note: the poha was too sweet This is unacceptable.,Taste
Today the plates were not washed properly Needs improvement.,Hygiene
"At snacks, the chapati did not taste good today and dinner was served late!",Taste
Please note: too much salt in the sambar.,Taste
Today the water jug was dirty This is unacceptable.,Hygiene
Please note: too many fried items in the menu Very disappointing.,Menu
Yesterday the staff shouted at students!,Staff Behaviour
The queue for snacks never moves This is unacceptable.,Delay / Queue
Yesterday the dining tables were dirty.,Hygiene
"At lunch, found stones in the poha.",Food Quality
Today please add curd to the menu Very disappointing.,Menu
Yesterday the mess opened late for snacks This is unacceptable.,Delay / Queue
The sabzi was too oily and heavy Please look into it.,Food Quality
Please note: the food ran out before I reached the counter Please look into it.,Delay / Queue
The poha smelled bad and looked spoiled.,Food Quality
Please note: the rice was too salty Please look into it.,Taste
"Again today, the mess manager was disrespectful Needs improvement.",Staff Behaviour
Please note: the fans are not working!,Other
Please note: there is not enough seating,Other
Today the staff ignored our request This is unacceptable.,Staff Behaviour
The water jug was dirty This is unacceptable.,Hygiene
"At snacks, the mess opened late for snacks.",Delay / Queue
"Again today, poha is served too often Needs improvement.",Menu
"Honestly, the cook refused to serve more chapati Please look into it.",Staff Behaviour
Please note: the counter staff misbehaved Please look into it.,Staff Behaviour
"At breakfast, we need more variety in breakfast!",Menu
Dinner timing was not followed,Delay / Queue
Yesterday the dining hall is very hot Very disappointing.,Other
"Honestly, the worker argued with us at lunch",Staff Behaviour
Today the dal smelled bad and looked spoiled This is unacceptable.,Food Quality
"Honestly, the mess opened late for snacks Please look into it.",Delay / Queue
Today dinner timing was not followed and there is a bad smell near the kitchen!,Delay / Queue
"At breakfast, the curd had no flavour at all Please look into it.",Taste
Today the tv in the dining hall is broken.,Other
"Again today, the samosa was too spicy",Taste
"Honestly, the idli was half raw.",Food Quality
Please note: the curd was stale Very disappointing.,Food Quality
"At breakfast, breakfast timing was not followed Very disappointing.",Delay / Queue
Today the staff were impolite and unhelpful,Staff Behaviour
